,Composer,Title,Measure,Beat,Pattern,Key,CadType,Tone,CVFs,LeadingTones,Sounding,Low,RelLow,RelTone,Progress,SinceLast,ToNext
44.0,Robert Parsons,In Nomine II,6,3.0,C2z,^C(2|4)z$,Abandoned Clausula Vera,C,zC,0.0,3.0,C3,P4,P4,0.09482758620689655,44.0,108.0
152.0,Robert Parsons,In Nomine II,20,1.0,BC1,^BC(1|3)x?z?$,Authentic,G,CTB,1.0,4.0,G2,P1,P8,0.3275862068965517,108.0,72.0
224.0,Robert Parsons,In Nomine II,29,1.0,C2P,C2P,,A,CP,,4.0,D3,P5,M2,0.4827586206896552,72.0,16.0
240.0,Robert Parsons,In Nomine II,31,1.0,C1T-2,^C(1|3)T-2x?z?$,Clausula Vera,D,CT,1.0,4.0,D3,P5,P5,0.5172413793103449,16.0,20.0
260.0,Robert Parsons,In Nomine II,33,3.0,T-2a,^T-2az?$,Evaded Altizans Only,,aT,-1.0,4.0,C3,P4,,0.5603448275862069,20.0,4.0
264.0,Robert Parsons,In Nomine II,34,1.0,C1T-2,^C(1|3)T-2x?z?$,Clausula Vera,B-,CT,1.0,4.0,B-2,m3,m3,0.5689655172413793,4.0,30.0
294.0,Robert Parsons,In Nomine II,37,4.0,C2T-1,^C(2|3|4)T-1z?$,Phrygian Clausula Vera,A,TC,1.0,4.0,F3,m7,M2,0.6336206896551724,30.0,10.0
304.0,Robert Parsons,In Nomine II,39,1.0,C1T-2,^C(1|3)T-2x?z?$,Clausula Vera,B-,CT,1.0,4.0,B-2,m3,m3,0.6551724137931034,10.0,16.0
320.0,Robert Parsons,In Nomine II,41,1.0,C1T-2,^C(1|3)T-2x?z?$,Clausula Vera,G,CT,1.0,3.0,G2,P1,P8,0.6896551724137931,16.0,16.0
336.0,Robert Parsons,In Nomine II,43,1.0,T-2c5,^T-2c(-1|-2|4|5)x?z?$,Evaded Clausula Vera,,cT,-1.0,3.0,G3,P8,,0.7241379310344828,16.0,136.0
80.0,Henry Mudd,In Nomine I,11,1.0,C1T-2,^C(1|3)T-2x?z?$,Clausula Vera,D,CT,1.0,4.0,D3,P1,P8,0.18433179723502305,80.0,176.0
256.0,Henry Mudd,In Nomine I,33,1.0,BC2,^BC(2|4)x?z?$,Authentic,D,CB,0.0,4.0,D3,P1,P8,0.5898617511520737,176.0,72.0
328.0,Henry Mudd,In Nomine I,42,1.0,T-2y,^T-2y$,Evaded Clausula Vera,,yT,-1.0,3.0,F2,-M6,,0.7557603686635944,72.0,36.0
364.0,Henry Mudd,In Nomine I,46,3.0,C1t2,^C(1|3)t(1|2)x?z?$,Evaded Clausula Vera,B-,tC,1.0,3.0,B-3,m6,m6,0.8387096774193549,36.0,76.0
120.0,Orlando Gibbons,In Nomine,16,1.0,BC1,^BC(1|3)x?z?$,Authentic,F,CB,1.0,4.0,F2,-M6,m3,0.2777777777777778,120.0,40.0
160.0,Orlando Gibbons,In Nomine,21,1.0,BC1,^BC(1|3)x?z?$,Authentic,C,CTB,1.0,4.0,C3,-M2,m7,0.37037037037037035,40.0,16.0
176.0,Orlando Gibbons,In Nomine,23,1.0,C1T-2,^C(1|3)T-2x?z?$,Clausula Vera,D,TC,1.0,4.0,F3,m3,P8,0.4074074074074074,16.0,56.0
232.0,Orlando Gibbons,In Nomine,30,1.0,C1T-2,^C(1|3)T-2x?z?$,Clausula Vera,F,CT,1.0,4.0,F2,-M6,m3,0.5370370370370371,56.0,72.0
304.0,Orlando Gibbons,In Nomine,39,1.0,BC1,^BC(1|3)x?z?$,Authentic,D,CTB,1.0,4.0,D3,P1,P8,0.7037037037037037,72.0,10.0
314.0,Orlando Gibbons,In Nomine,40,2.0,C1t1,^C(1|3)t(1|2)x?z?$,Evaded Clausula Vera,D,tC,1.0,4.0,E3,M2,P8,0.7268518518518519,10.0,6.0
320.0,Orlando Gibbons,In Nomine,41,1.0,C3T-2,^C(1|3)T-2x?z?$,Clausula Vera,D,CT,1.0,3.0,D3,P1,P8,0.7407407407407407,6.0,96.0
416.0,Orlando Gibbons,In Nomine,53,1.0,C1T-2,^C(1|3)T-2x?z?$,Clausula Vera,G,CT,1.0,3.0,G3,P4,P4,0.9629629629629629,96.0,24.0
48.0,Thomas Weelkes,In Nomine I,9,1.0,C1T-2,^C(1|3)T-2x?z?$,Clausula Vera,D,CT,1.0,4.0,D3,P1,P8,0.17777777777777778,48.0,8.0
56.0,Thomas Weelkes,In Nomine I,10,2.0,C2b,^C(2|4)b$,Evaded Authentic,A,Cb,1.0,4.0,F3,m3,P5,0.2074074074074074,8.0,40.0
96.0,Thomas Weelkes,In Nomine I,17,1.0,C2T-1,^C(2|3|4)T-1z?$,Phrygian Clausula Vera,E,CT,1.0,4.0,E3,M2,M2,0.35555555555555557,40.0,6.0
102.0,Thomas Weelkes,In Nomine I,18,1.0,C1T-2z,^C(1|3)T-2x?z?$,Clausula Vera,D,zCT,1.0,3.0,D3,P1,P8,0.37777777777777777,6.0,24.0
126.0,Thomas Weelkes,In Nomine I,22,1.0,BC1,^BC(1|3)x?z?$,Authentic,F,tCB,1.0,3.0,F2,-M6,m3,0.4666666666666667,24.0,24.0
150.0,Thomas Weelkes,In Nomine I,26,1.0,C1b,^C(1|3)b$,Evaded Authentic,F,Cub,1.0,4.0,D3,P1,m3,0.5555555555555556,24.0,66.5
216.5,Thomas Weelkes,In Nomine I,37,1.25,C2T-2,^C(2|4)T-2x?z?$,Clausula Vera,G,TC,0.0,4.0,A3,P5,P4,0.8018518518518518,66.5,1.0
217.5,Thomas Weelkes,In Nomine I,37,1.75,C2T-2,^C(2|4)T-2x?z?$,Clausula Vera,G,CT,0.0,4.0,G3,P4,P4,0.8055555555555556,1.0,34.5
252.0,Thomas Weelkes,In Nomine I,43,1.0,C2T-2,^C(2|4)T-2x?z?$,Clausula Vera,A,CT,0.0,4.0,A2,-P4,P5,0.9333333333333333,34.5,24.0
92.0,Thomas Tallis,In Nomine II,12,3.0,T-2a,^T-2az?$,Evaded Altizans Only,,aT,-1.0,3.0,G3,P4,,0.184,92.0,68.0
160.0,Thomas Tallis,In Nomine II,21,1.0,BC1,^BC(1|3)x?z?$,Authentic,D,CTB,1.0,4.0,D3,P1,P8,0.32,68.0,344.0
40.0,Robert White,In Nomine I,6,1.0,C2T-1,^C(2|3|4)T-1z?$,Phrygian Clausula Vera,A,CT,1.0,4.0,A2,-P4,P5,0.09259259259259259,40.0,112.0
152.0,Robert White,In Nomine I,20,1.0,C3T-2,^C(1|3)T-2x?z?$,Clausula Vera,C,CT,1.0,4.0,C3,-M2,m7,0.35185185185185186,112.0,56.0
208.0,Robert White,In Nomine I,27,1.0,C2T-1,^C(2|3|4)T-1z?$,Phrygian Clausula Vera,A,CT,1.0,4.0,A2,-P4,P5,0.48148148148148145,56.0,64.0
272.0,Robert White,In Nomine I,35,1.0,C1T-2,^C(1|3)T-2x?z?$,Clausula Vera,D,CT,1.0,4.0,D3,P1,P8,0.6296296296296297,64.0,16.0
288.0,Robert White,In Nomine I,37,1.0,C1T-2,^C(1|3)T-2x?z?$,Clausula Vera,D,CT,1.0,3.0,D3,P1,P8,0.6666666666666666,16.0,28.0
316.0,Robert White,In Nomine I,40,3.0,C1T-2,^C(1|3)T-2x?z?$,Clausula Vera,D,CT,1.0,4.0,D3,P1,P8,0.7314814814814815,28.0,28.0
344.0,Robert White,In Nomine I,44,1.0,C1T-2,^C(1|3)T-2x?z?$,Clausula Vera,D,CT,1.0,4.0,D3,P1,P8,0.7962962962962963,28.0,40.0
384.0,Robert White,In Nomine I,49,1.0,C1T-2,^C(1|3)T-2x?z?$,Clausula Vera,D,CT,1.0,3.0,D3,P1,P8,0.8888888888888888,40.0,16.0
400.0,Robert White,In Nomine I,51,1.0,C1T-2,^C(1|3)T-2x?z?$,Clausula Vera,D,CT,1.0,4.0,B-2,-M3,P8,0.9259259259259259,16.0,40.0
32.0,John Thorne,In Nomine,5,1.0,C1t1,^C(1|3)t(1|2)x?z?$,Evaded Clausula Vera,D,Ct,1.0,3.0,D3,P1,P8,0.07547169811320754,32.0,16.0
48.0,John Thorne,In Nomine,7,1.0,C1T-2,^C(1|3)T-2x?z?$,Clausula Vera,D,tCT,1.0,3.0,D3,P1,P8,0.11320754716981132,16.0,120.0
168.0,John Thorne,In Nomine,22,1.0,C1T-2,^C(1|3)T-2x?z?$,Clausula Vera,F,tCT,1.0,3.0,F3,m3,m3,0.39622641509433965,120.0,32.0
200.0,John Thorne,In Nomine,26,1.0,C2T-2,^C(2|4)T-2x?z?$,Clausula Vera,D,CT,0.0,4.0,D3,P1,P8,0.4716981132075472,32.0,32.0
232.0,John Thorne,In Nomine,30,1.0,C1T-2,^C(1|3)T-2x?z?$,Clausula Vera,F,CT,1.0,4.0,F2,-M6,m3,0.5471698113207547,32.0,44.0
276.0,John Thorne,In Nomine,35,3.0,BC1,^BC(1|3)x?z?$,Authentic,F,CtB,1.0,4.0,F2,-M6,m3,0.6509433962264151,44.0,156.0
136.0,Robert Parsons,In Nomine I,18,1.0,C1T-2,^C(1|3)T-2x?z?$,Clausula Vera,G,CT,1.0,4.0,E-3,m6,P8,0.3148148148148148,136.0,64.0
200.0,Robert Parsons,In Nomine I,26,1.0,T-2c5,^T-2c(-1|-2|4|5)x?z?$,Evaded Clausula Vera,,cT,-1.0,3.0,D3,P5,,0.46296296296296297,64.0,40.0
240.0,Robert Parsons,In Nomine I,31,1.0,C1T-2,^C(1|3)T-2x?z?$,Clausula Vera,B-,CT,1.0,3.0,B-2,m3,m3,0.5555555555555556,40.0,32.0
272.0,Robert Parsons,In Nomine I,35,1.0,C1T-2,^C(1|3)T-2x?z?$,Clausula Vera,G,CT,1.0,4.0,E-3,m6,P8,0.6296296296296297,32.0,64.0
336.0,Robert Parsons,In Nomine I,43,1.0,C1T-2,^C(1|3)T-2x?z?$,Clausula Vera,B-,CT,1.0,3.0,B-2,m3,m3,0.7777777777777778,64.0,24.0
360.0,Robert Parsons,In Nomine I,46,1.0,C1T-2,^C(1|3)T-2x?z?$,Clausula Vera,G,CT,1.0,3.0,G3,P8,P8,0.8333333333333334,24.0,56.0
416.0,Robert Parsons,In Nomine I,53,1.0,C1T-2,^C(1|3)T-2x?z?$,Clausula Vera,G,CT,1.0,4.0,G2,P1,P8,0.9629629629629629,56.0,24.0
88.0,Robert Golder,In Nomine,12,1.0,A1T-2,^A(1|3)T-2x?y?z?$,Altizans Only,D,AT,1.0,4.0,G3,P8,P5,0.1864406779661017,88.0,24.0
112.0,Robert Golder,In Nomine,15,1.0,C1T-2,^C(1|3)T-2x?z?$,Clausula Vera,D,CT,1.0,4.0,F#3,M7,P5,0.23728813559322035,24.0,72.0
184.0,Robert Golder,In Nomine,24,1.0,C1T-2,^C(1|3)T-2x?z?$,Clausula Vera,D,CtT,1.0,4.0,D3,P5,P5,0.3898305084745763,72.0,48.0
232.0,Robert Golder,In Nomine,30,1.0,C1T-2,^C(1|3)T-2x?z?$,Clausula Vera,A,CT,1.0,3.0,A2,M2,M2,0.4915254237288136,48.0,32.0
264.0,Robert Golder,In Nomine,34,1.0,BC1,^BC(1|3)x?z?$,Authentic,D,CB,1.0,4.0,D3,P5,P5,0.559322033898305,32.0,24.0
288.0,Robert Golder,In Nomine,37,1.0,C1T-2,^C(1|3)T-2x?z?$,Clausula Vera,D,CT,1.0,4.0,B2,M3,P5,0.6101694915254238,24.0,192.0
138.0,Robert White,In Nomine II,18,2.0,C2T-2,^C(2|4)T-2x?z?$,Clausula Vera,D,tCT,0.0,4.0,D3,P1,P8,0.3053097345132743,138.0,6.0
144.0,Robert White,In Nomine II,19,1.0,C1T-2,^C(1|3)T-2x?z?$,Clausula Vera,D,CT,1.0,4.0,D3,P1,P8,0.3185840707964602,6.0,18.0
162.0,Robert White,In Nomine II,21,2.0,C1T-2,^C(1|3)T-2x?z?$,Clausula Vera,F,CT,1.0,4.0,F2,-M6,m3,0.3584070796460177,18.0,6.0
168.0,Robert White,In Nomine II,22,1.0,C1T-2,^C(1|3)T-2x?z?$,Clausula Vera,F,CT,1.0,3.0,F2,-M6,m3,0.37168141592920356,6.0,60.0
228.0,Robert White,In Nomine II,29,3.0,T-2a,^T-2az?$,Evaded Altizans Only,,aT,-1.0,4.0,G2,-P5,,0.504424778761062,60.0,4.0
232.0,Robert White,In Nomine II,30,1.0,C1T-2,^C(1|3)T-2x?z?$,Clausula Vera,F,CT,1.0,4.0,F2,-M6,m3,0.5132743362831859,4.0,34.0
266.0,Robert White,In Nomine II,34,2.0,C2t1,^C(2|4)t(1|2)x?z?$,Evaded Clausula Vera,D,tC,0.0,4.0,E3,M2,P8,0.588495575221239,34.0,22.0
288.0,Robert White,In Nomine II,37,1.0,C1T-2,^C(1|3)T-2x?z?$,Clausula Vera,D,CT,1.0,3.0,D3,P1,P8,0.6371681415929203,22.0,96.0
384.0,Robert White,In Nomine II,49,1.0,C2T-2,^C(2|4)T-2x?z?$,Clausula Vera,D,CT,0.0,4.0,D3,P1,P8,0.8495575221238938,96.0,72.0
40.0,Thomas Preston,In Nomine,6,1.0,C2T-1,^C(2|3|4)T-1z?$,Phrygian Clausula Vera,A,CT,1.0,3.0,A3,P5,P5,0.08928571428571429,40.0,220.0
260.0,Thomas Preston,In Nomine,33,3.0,BC1,^BC(1|3)x?z?$,Authentic,F,CB,1.0,4.0,F2,-M6,m3,0.5803571428571429,220.0,196.0
12.0,John Ward,In Nomine V,2,3.0,BC1,^BC(1|3)x?z?$,Authentic,B-,CB,1.0,3.0,B-2,-M3,m6,0.02654867256637168,12.0,20.0
32.0,John Ward,In Nomine V,5,1.0,C1x,^C(1|3)xz?$,Abandoned Authentic,B-,Cx,1.0,3.0,B-3,m6,m6,0.07079646017699115,20.0,20.0
52.0,John Ward,In Nomine V,7,3.0,BC1,^BC(1|3)x?z?$,Authentic,G,CB,1.0,4.0,G2,-P5,P4,0.11504424778761062,20.0,6.0
58.0,John Ward,In Nomine V,8,2.0,BC1,^BC(1|3)x?z?$,Authentic,F,CB,1.0,4.0,F3,m3,m3,0.12831858407079647,6.0,18.0
76.0,John Ward,In Nomine V,10,3.0,BC1,^BC(1|3)x?z?$,Authentic,C,CB,1.0,4.0,C3,-M2,m7,0.168141592920354,18.0,130.0
206.0,John Ward,In Nomine V,26,4.0,BC1,^BC(1|3)x?z?$,Authentic,D,CtB,1.0,4.0,D3,P1,P8,0.4557522123893805,130.0,26.0
232.0,John Ward,In Nomine V,30,1.0,BC1,^BC(1|3)x?z?$,Authentic,F,TCB,1.0,4.0,F3,m3,m3,0.5132743362831859,26.0,44.0
276.0,John Ward,In Nomine V,35,3.0,BC1,^BC(1|3)x?z?$,Authentic,D,CB,1.0,4.0,D3,P1,P8,0.6106194690265486,44.0,32.0
308.0,John Ward,In Nomine V,39,3.0,BC1,^BC(1|3)x?z?$,Authentic,B-,tCB,1.0,4.0,B-2,-M3,m6,0.6814159292035398,32.0,26.0
334.0,John Ward,In Nomine V,42,4.0,C1t2x,^C(1|3)t(1|2)x?z?$,Evaded Clausula Vera,B-,tCx,1.0,3.0,B-3,m6,m6,0.7389380530973452,26.0,8.0
342.0,John Ward,In Nomine V,43,4.0,BC2,^BC(2|4)x?z?$,Authentic,C,CB,0.0,4.0,C3,-M2,m7,0.7566371681415929,8.0,10.0
352.0,John Ward,In Nomine V,45,1.0,BC1,^BC(1|3)x?z?$,Authentic,G,CTB,1.0,4.0,G2,-P5,P4,0.7787610619469026,10.0,8.0
360.0,John Ward,In Nomine V,46,1.0,C2T-2,^C(2|4)T-2x?z?$,Clausula Vera,F,CT,0.0,4.0,D3,P1,m3,0.7964601769911505,8.0,16.0
376.0,John Ward,In Nomine V,48,1.0,BC1,^BC(1|3)x?z?$,Authentic,B-,CtB,1.0,4.0,B-3,m6,m6,0.831858407079646,16.0,8.0
384.0,John Ward,In Nomine V,49,1.0,BC1,^BC(1|3)x?z?$,Authentic,B-,CB,1.0,4.0,B-2,-M3,m6,0.8495575221238938,8.0,16.0
400.0,John Ward,In Nomine V,51,1.0,BC1,^BC(1|3)x?z?$,Authentic,F,CTB,1.0,4.0,F3,m3,m3,0.8849557522123894,16.0,16.0
416.0,John Ward,In Nomine V,53,1.0,BC1,^BC(1|3)x?z?$,Authentic,D,CTB,1.0,4.0,D3,P1,P8,0.9203539823008849,16.0,12.0
428.0,John Ward,In Nomine V,54,3.0,BC1,^BC(1|3)x?z?$,Authentic,F,CtB,1.0,4.0,F3,m3,m3,0.9469026548672567,12.0,28.0
122.0,Brewster,In Nomine II,21,2.0,C1z,^C(1|3)z$,Abandoned Clausula Vera,F,zC,1.0,3.0,F3,m7,m7,0.3567251461988304,122.0,14.0
136.0,Brewster,In Nomine II,23,3.0,BC1,^BC(1|3)x?z?$,Authentic,F,CtB,1.0,4.0,F2,-M2,m7,0.39766081871345027,14.0,40.0
176.0,Brewster,In Nomine II,30,2.0,C2b,^C(2|4)b$,Evaded Authentic,A,Cb,1.0,3.0,F3,m7,M2,0.5146198830409356,40.0,22.0
198.0,Brewster,In Nomine II,34,1.0,BC1,^BC(1|3)x?z?$,Authentic,B-,CxB,1.0,3.0,B-2,m3,m3,0.5789473684210527,22.0,64.0
262.0,Brewster,In Nomine II,44,3.0,BC2,^BC(2|4)x?z?$,Authentic,G,CtB,0.0,4.0,G2,P1,P8,0.7660818713450293,64.0,86.0
96.0,Henry Stonings,In Nomine I,13,1.0,C1t1x,^C(1|3)t(1|2)x?z?$,Evaded Clausula Vera,D,Ctx,1.0,3.0,F4,m10,P8,0.22429906542056074,96.0,40.0
136.0,Henry Stonings,In Nomine I,18,1.0,C2T-2,^C(2|4)T-2x?z?$,Clausula Vera,G,TC,0.0,4.0,C3,-M2,P4,0.3177570093457944,40.0,24.0
160.0,Henry Stonings,In Nomine I,21,1.0,BC1,^BC(1|3)x?z?$,Authentic,C,CtB,1.0,4.0,C3,-M2,m7,0.37383177570093457,24.0,36.0
196.0,Henry Stonings,In Nomine I,25,3.0,BC1,^BC(1|3)x?z?$,Authentic,F,CtB,1.0,4.0,F3,m3,m3,0.45794392523364486,36.0,36.0
232.0,Henry Stonings,In Nomine I,30,1.0,BC1,^BC(1|3)x?z?$,Authentic,D,TCB,1.0,4.0,D3,P1,P8,0.5420560747663551,36.0,24.0
256.0,Henry Stonings,In Nomine I,33,1.0,C1T-2,^C(1|3)T-2x?z?$,Clausula Vera,F,CT,1.0,3.0,F3,m3,m3,0.5981308411214953,24.0,12.0
268.0,Henry Stonings,In Nomine I,34,3.0,T-2a,^T-2az?$,Evaded Altizans Only,,aT,-1.0,3.0,G2,-P5,,0.6261682242990654,12.0,96.0
364.0,Henry Stonings,In Nomine I,46,3.0,BC1,^BC(1|3)x?z?$,Authentic,C,CTB,1.0,4.0,C3,-M2,m7,0.8504672897196262,96.0,12.0
376.0,Henry Stonings,In Nomine I,48,1.0,C1z,^C(1|3)z$,Abandoned Clausula Vera,C,zC,1.0,3.0,C3,-M2,m7,0.8785046728971962,12.0,56.0
72.0,William Byrd,In Nomine I,10,1.0,T-2c-2,^T-2c(-1|-2|4|5)x?z?$,Evaded Clausula Vera,,Tc,-1.0,4.0,G2,-P5,,0.15384615384615385,72.0,24.0
96.0,William Byrd,In Nomine I,13,1.0,BC1,^BC(1|3)x?z?$,Authentic,D,CzB,1.0,3.0,D3,P1,P8,0.20512820512820512,24.0,16.0
112.0,William Byrd,In Nomine I,15,1.0,C2T-1,^C(2|3|4)T-1z?$,Phrygian Clausula Vera,E,CT,1.0,3.0,E4,M9,M2,0.23931623931623933,16.0,24.0
136.0,William Byrd,In Nomine I,18,1.0,C1u-2,C1u-2,,D,Cu,,4.0,F3,m3,P8,0.2905982905982906,24.0,8.0
144.0,William Byrd,In Nomine I,19,1.0,C1T-2,^C(1|3)T-2x?z?$,Clausula Vera,D,CT,1.0,3.0,D3,P1,P8,0.3076923076923077,8.0,24.0
168.0,William Byrd,In Nomine I,22,1.0,C3T-2,^C(1|3)T-2x?z?$,Clausula Vera,D,CT,1.0,4.0,D3,P1,P8,0.358974358974359,24.0,32.0
200.0,William Byrd,In Nomine I,26,1.0,C2PT-1,^C(2|4)PT-1z?$,Phrygian,E,CTP,1.0,4.0,A2,-P4,M2,0.42735042735042733,32.0,16.0
216.0,William Byrd,In Nomine I,28,1.0,C4T-1,^C(2|3|4)T-1z?$,Phrygian Clausula Vera,A,CT,1.0,3.0,A3,P5,P5,0.46153846153846156,16.0,20.0
236.0,William Byrd,In Nomine I,30,3.0,T-2a,^T-2az?$,Evaded Altizans Only,,aT,-1.0,4.0,G2,-P5,,0.5042735042735043,20.0,92.0
328.0,William Byrd,In Nomine I,42,1.0,C1T-2,^C(1|3)T-2x?z?$,Clausula Vera,C,CT,1.0,4.0,C3,-M2,m7,0.7008547008547008,92.0,24.0
352.0,William Byrd,In Nomine I,45,1.0,C1T-2,^C(1|3)T-2x?z?$,Clausula Vera,D,CT,1.0,4.0,D3,P1,P8,0.7521367521367521,24.0,40.0
392.0,William Byrd,In Nomine I,50,1.0,C1T-2,^C(1|3)T-2x?z?$,Clausula Vera,D,tCT,1.0,4.0,D3,P1,P8,0.8376068376068376,40.0,8.0
400.0,William Byrd,In Nomine I,51,1.0,C2T-1,^C(2|3|4)T-1z?$,Phrygian Clausula Vera,E,CT,1.0,4.0,A2,-P4,M2,0.8547008547008547,8.0,8.0
408.0,William Byrd,In Nomine I,52,1.0,C1T-2x,^C(1|3)T-2x?z?$,Clausula Vera,D,CTtx,1.0,3.0,D4,P8,P8,0.8717948717948718,8.0,48.0
456.0,William Byrd,In Nomine I,58,1.0,BC1,^BC(1|3)x?z?$,Authentic,G,tCB,1.0,4.0,G2,-P5,P4,0.9743589743589743,48.0,16.0
168.0,Osbert Parsley,In Nomine I,22,1.0,C1x,^C(1|3)xz?$,Abandoned Authentic,C,Cx,1.0,3.0,C4,P11,P4,0.38181818181818183,168.0,16.0
184.0,Osbert Parsley,In Nomine I,24,1.0,C1x,^C(1|3)xz?$,Abandoned Authentic,D,Cx,1.0,3.0,D4,P12,P5,0.41818181818181815,16.0,168.0
352.0,Osbert Parsley,In Nomine I,45,1.0,C1T-2,^C(1|3)T-2x?z?$,Clausula Vera,D,CT,1.0,4.0,D3,P5,P5,0.8,168.0,88.0
440.0,Osbert Parsley,In Nomine I,56,1.0,C1T-2,^C(1|3)T-2x?z?$,Clausula Vera,G,CT,1.0,4.0,G2,P1,P8,1.0,88.0,8.0
30.0,John Ward,In Nomine II,4,4.0,T-2a,^T-2az?$,Evaded Altizans Only,,aT,-1.0,4.0,G2,-P5,,0.06944444444444445,30.0,18.0
48.0,John Ward,In Nomine II,7,1.0,BC1,^BC(1|3)x?z?$,Authentic,F,CtB,1.0,4.0,F3,m3,m3,0.1111111111111111,18.0,18.0
66.0,John Ward,In Nomine II,9,2.0,T-2a,^T-2az?$,Evaded Altizans Only,,aT,-1.0,4.0,C3,-M2,,0.1527777777777778,18.0,24.0
90.0,John Ward,In Nomine II,12,2.0,T-2a,^T-2az?$,Evaded Altizans Only,,aT,-1.0,4.0,D3,P1,,0.20833333333333334,24.0,10.0
100.0,John Ward,In Nomine II,13,3.0,C1T-2x,^C(1|3)T-2x?z?$,Clausula Vera,D,CTx,1.0,3.0,D4,P8,P8,0.23148148148148148,10.0,24.0
124.0,John Ward,In Nomine II,16,3.0,BC1,^BC(1|3)x?z?$,Authentic,F,CzB,1.0,3.0,F3,m3,m3,0.28703703703703703,24.0,16.0
140.0,John Ward,In Nomine II,18,3.0,C1b,^C(1|3)b$,Evaded Authentic,D,Cb,1.0,3.0,B3,M6,P8,0.32407407407407407,16.0,54.0
194.0,John Ward,In Nomine II,25,2.0,BC1,^BC(1|3)x?z?$,Authentic,D,tCB,1.0,4.0,D3,P1,P8,0.44907407407407407,54.0,26.0
220.0,John Ward,In Nomine II,28,3.0,BC1,^BC(1|3)x?z?$,Authentic,F,TCB,1.0,4.0,F3,m3,m3,0.5092592592592593,26.0,20.0
240.0,John Ward,In Nomine II,31,1.0,C1t2,^C(1|3)t(1|2)x?z?$,Evaded Clausula Vera,D,Ct,1.0,4.0,F#3,M3,P8,0.5555555555555556,20.0,98.0
338.0,John Ward,In Nomine II,43,2.0,BC1,^BC(1|3)x?z?$,Authentic,D,CB,1.0,4.0,D3,P1,P8,0.7824074074074074,98.0,32.0
370.0,John Ward,In Nomine II,47,2.0,C1t2,^C(1|3)t(1|2)x?z?$,Evaded Clausula Vera,B-,tC,1.0,4.0,B-2,-M3,m6,0.8564814814814815,32.0,4.0
374.0,John Ward,In Nomine II,47,4.0,C1u-3,^C1u-(3|4)$,Evaded Authentic,B-,Cu,1.0,4.0,D3,P1,m6,0.8657407407407407,4.0,4.0
378.0,John Ward,In Nomine II,48,2.0,BC1,^BC(1|3)x?z?$,Authentic,B-,CB,1.0,4.0,B-3,m6,m6,0.875,4.0,8.0
386.0,John Ward,In Nomine II,49,2.0,C1t2,^C(1|3)t(1|2)x?z?$,Evaded Clausula Vera,C,Ct,1.0,4.0,C3,-M2,m7,0.8935185185185185,8.0,2.0
388.0,John Ward,In Nomine II,49,3.0,BC1,^BC(1|3)x?z?$,Authentic,F,TCB,1.0,4.0,F3,m3,m3,0.8981481481481481,2.0,6.0
394.0,John Ward,In Nomine II,50,2.0,BC1,^BC(1|3)x?z?$,Authentic,B-,CB,1.0,4.0,B-2,-M3,m6,0.9120370370370371,6.0,10.0
404.0,John Ward,In Nomine II,51,3.0,C1x,^C(1|3)xz?$,Abandoned Authentic,D,Cx,1.0,3.0,D4,P8,P8,0.9351851851851852,10.0,14.0
418.0,John Ward,In Nomine II,53,2.0,BC1,^BC(1|3)x?z?$,Authentic,F,CB,1.0,4.0,F3,m3,m3,0.9675925925925926,14.0,22.0
90.0,Osbert Parsley,In Nomine II,12,2.0,C2t1,^C(2|4)t(1|2)x?z?$,Evaded Clausula Vera,D,tC,0.0,4.0,A2,M2,P5,0.1906779661016949,90.0,28.0
118.0,Osbert Parsley,In Nomine II,15,4.0,T-2c-1,^T-2c(-1|-2|4|5)x?z?$,Evaded Clausula Vera,,Tc,-1.0,4.0,C3,P4,,0.25,28.0,130.0
248.0,Osbert Parsley,In Nomine II,32,1.0,BC1,^BC(1|3)x?z?$,Authentic,D,CB,1.0,4.0,D3,P5,P5,0.5254237288135594,130.0,8.0
256.0,Osbert Parsley,In Nomine II,33,1.0,C1x,^C(1|3)xz?$,Abandoned Authentic,D,Cx,1.0,3.0,D3,P5,P5,0.5423728813559322,8.0,8.0
264.0,Osbert Parsley,In Nomine II,34,1.0,C1b,^C(1|3)b$,Evaded Authentic,D,CTb,1.0,4.0,B-2,m3,P5,0.559322033898305,8.0,66.0
330.0,Osbert Parsley,In Nomine II,42,2.0,T-2a,^T-2az?$,Evaded Altizans Only,,aT,-1.0,3.0,C3,P4,,0.6991525423728814,66.0,32.0
362.0,Osbert Parsley,In Nomine II,46,2.0,T-1c-2,T-1c-2,,,Tc,,4.0,B-2,m3,,0.7669491525423728,32.0,22.0
384.0,Osbert Parsley,In Nomine II,49,1.0,C1b,^C(1|3)b$,Evaded Authentic,F,CTb,1.0,4.0,D3,P5,m7,0.8135593220338984,22.0,16.0
400.0,Osbert Parsley,In Nomine II,51,1.0,C2T-2,^C(2|4)T-2x?z?$,Clausula Vera,D,CT,0.0,3.0,D3,P5,P5,0.847457627118644,16.0,32.0
432.0,Osbert Parsley,In Nomine II,55,1.0,C1b,^C(1|3)b$,Evaded Authentic,D,CTb,1.0,4.0,B-2,m3,P5,0.9152542372881356,32.0,40.0
472.0,Osbert Parsley,In Nomine II,60,1.0,BC1,^BC(1|3)x?z?$,Authentic,G,CtB,1.0,4.0,G2,P1,P8,1.0,40.0,8.0
16.0,John Ward,In Nomine IV,3,1.0,BC1,^BC(1|3)x?z?$,Authentic,B-,CB,1.0,3.0,B-2,m3,m3,0.034782608695652174,16.0,4.0
20.0,John Ward,In Nomine IV,3,3.0,C1T-2x,^C(1|3)T-2x?z?$,Clausula Vera,G,CTx,1.0,3.0,G3,P8,P8,0.043478260869565216,4.0,16.0
36.0,John Ward,In Nomine IV,5,3.0,BC1,^BC(1|3)x?z?$,Authentic,B-,CB,1.0,4.0,B-2,m3,m3,0.0782608695652174,16.0,28.0
64.0,John Ward,In Nomine IV,9,1.0,BC1,^BC(1|3)x?z?$,Authentic,F,CB,1.0,4.0,F3,m7,m7,0.1391304347826087,28.0,16.0
80.0,John Ward,In Nomine IV,11,1.0,BC1,^BC(1|3)x?z?$,Authentic,C,tCB,1.0,4.0,C3,P4,P4,0.17391304347826086,16.0,24.0
104.0,John Ward,In Nomine IV,14,1.0,BC1,^BC(1|3)x?z?$,Authentic,D,CtB,1.0,4.0,D3,P5,P5,0.22608695652173913,24.0,24.0
128.0,John Ward,In Nomine IV,17,1.0,BC1,^BC(1|3)x?z?$,Authentic,D,CB,1.0,4.0,D3,P5,P5,0.2782608695652174,24.0,12.0
140.0,John Ward,In Nomine IV,18,3.0,BC1,^BC(1|3)x?z?$,Authentic,F,CTB,1.0,4.0,F2,-M2,m7,0.30434782608695654,12.0,28.0
168.0,John Ward,In Nomine IV,22,1.0,BC1,^BC(1|3)x?z?$,Authentic,B-,CtB,1.0,4.0,B-2,m3,m3,0.3652173913043478,28.0,18.0
186.0,John Ward,In Nomine IV,24,2.0,C2b,^C(2|4)b$,Evaded Authentic,E,Cb,1.0,4.0,C3,P4,M6,0.4043478260869565,18.0,10.0
196.0,John Ward,In Nomine IV,25,3.0,C1t1x,^C(1|3)t(1|2)x?z?$,Evaded Clausula Vera,D,Ctx,1.0,3.0,F4,m14,P5,0.4260869565217391,10.0,14.0
210.0,John Ward,In Nomine IV,27,2.0,BC1,^BC(1|3)x?z?$,Authentic,D,CB,1.0,4.0,D3,P5,P5,0.45652173913043476,14.0,6.0
216.0,John Ward,In Nomine IV,28,1.0,BC1,^BC(1|3)x?z?$,Authentic,F,CtB,1.0,4.0,F3,m7,m7,0.46956521739130436,6.0,24.0
240.0,John Ward,In Nomine IV,31,1.0,BC1,^BC(1|3)x?z?$,Authentic,D,TBC,1.0,4.0,D3,P5,P5,0.5217391304347826,24.0,16.0
256.0,John Ward,In Nomine IV,33,1.0,C1T-2x,^C(1|3)T-2x?z?$,Clausula Vera,D,CTx,1.0,3.0,D4,P12,P5,0.5565217391304348,16.0,36.0
292.0,John Ward,In Nomine IV,37,3.0,C1T-2,^C(1|3)T-2x?z?$,Clausula Vera,D,CtT,1.0,4.0,D3,P5,P5,0.6347826086956522,36.0,20.0
312.0,John Ward,In Nomine IV,40,1.0,BC1,^BC(1|3)x?z?$,Authentic,B-,CzB,1.0,3.0,B-2,m3,m3,0.6782608695652174,20.0,42.0
354.0,John Ward,In Nomine IV,45,2.0,Bc4,^Bc(-1|-2|4|5)z?$,Evaded Authentic,,cB,-1.0,3.0,D4,P12,,0.7695652173913043,42.0,14.0
368.0,John Ward,In Nomine IV,47,1.0,BC1,^BC(1|3)x?z?$,Authentic,B-,tCB,1.0,4.0,B-2,m3,m3,0.8,14.0,26.0
394.0,John Ward,In Nomine IV,50,2.0,BC1,^BC(1|3)x?z?$,Authentic,B-,CzB,1.0,3.0,B-3,m10,m3,0.8565217391304348,26.0,66.0
460.0,John Ward,In Nomine IV,58,3.0,BC1,^BC(1|3)x?z?$,Authentic,G,CB,1.0,4.0,G2,P1,P8,1.0,66.0,12.0
76.0,John Buck,In Nomine,10,3.0,Bc-2,^Bc(-1|-2|4|5)z?$,Evaded Authentic,,Bc,-1.0,3.0,B-3,m6,,0.16379310344827586,76.0,12.0
88.0,John Buck,In Nomine,12,1.0,BC1,^BC(1|3)x?z?$,Authentic,F,CuB,1.0,4.0,F2,-M6,m3,0.1896551724137931,12.0,80.0
168.0,John Buck,In Nomine,22,1.0,BC1,^BC(1|3)x?z?$,Authentic,C,CB,1.0,3.0,C3,-M2,m7,0.3620689655172414,80.0,24.0
192.0,John Buck,In Nomine,25,1.0,BC1,^BC(1|3)x?z?$,Authentic,D,CB,1.0,3.0,D3,P1,P8,0.41379310344827586,24.0,24.0
216.0,John Buck,In Nomine,28,1.0,C2T-1,^C(2|3|4)T-1z?$,Phrygian Clausula Vera,A,CT,1.0,3.0,A2,-P4,P5,0.46551724137931033,24.0,24.0
240.0,John Buck,In Nomine,31,1.0,C1T-2,^C(1|3)T-2x?z?$,Clausula Vera,F,CT,1.0,4.0,F2,-M6,m3,0.5172413793103449,24.0,168.0
408.0,John Buck,In Nomine,52,1.0,C2T-2,^C(2|4)T-2x?z?$,Clausula Vera,D,TC,0.0,4.0,D3,P1,P8,0.8793103448275862,168.0,32.0
440.0,John Buck,In Nomine,56,1.0,BC1,^BC(1|3)x?z?$,Authentic,G,CB,1.0,4.0,G2,-P5,P4,0.9482758620689655,32.0,32.0
68.0,Thomas Tallis,In Nomine I,9,3.0,T-2a,^T-2az?$,Evaded Altizans Only,,aT,-1.0,3.0,G2,P1,,0.1440677966101695,68.0,16.0
84.0,Thomas Tallis,In Nomine I,11,3.0,T-2a,^T-2az?$,Evaded Altizans Only,,aT,-1.0,4.0,G2,P1,,0.17796610169491525,16.0,4.0
88.0,Thomas Tallis,In Nomine I,12,1.0,T-2y,^T-2y$,Evaded Clausula Vera,,yT,-1.0,3.0,F2,-M2,,0.1864406779661017,4.0,40.0
128.0,Thomas Tallis,In Nomine I,17,1.0,C2T-2,^C(2|4)T-2x?z?$,Clausula Vera,D,CT,0.0,4.0,D3,P5,P5,0.2711864406779661,40.0,48.0
176.0,Thomas Tallis,In Nomine I,23,1.0,T-2y,^T-2y$,Evaded Clausula Vera,,yT,-1.0,3.0,F2,-M2,,0.3728813559322034,48.0,36.0
212.0,Thomas Tallis,In Nomine I,27,3.0,T-2a,^T-2az?$,Evaded Altizans Only,,aT,-1.0,4.0,B-2,m3,,0.4491525423728814,36.0,4.0
216.0,Thomas Tallis,In Nomine I,28,1.0,C2T-1,^C(2|3|4)T-1z?$,Phrygian Clausula Vera,A,CT,1.0,4.0,A2,M2,M2,0.4576271186440678,4.0,24.0
240.0,Thomas Tallis,In Nomine I,31,1.0,T-2y,^T-2y$,Evaded Clausula Vera,,yT,-1.0,3.0,F2,-M2,,0.5084745762711864,24.0,18.0
258.0,Thomas Tallis,In Nomine I,33,2.0,BC1b,BC1b,,F,CBb,,4.0,D3,P5,m7,0.5466101694915254,18.0,14.0
272.0,Thomas Tallis,In Nomine I,35,1.0,T-2y,^T-2y$,Evaded Clausula Vera,,yT,-1.0,3.0,D3,P5,,0.576271186440678,14.0,16.0
288.0,Thomas Tallis,In Nomine I,37,1.0,C2T-2,^C(2|4)T-2x?z?$,Clausula Vera,D,tCT,0.0,4.0,D3,P5,P5,0.6101694915254238,16.0,16.0
304.0,Thomas Tallis,In Nomine I,39,1.0,C1T-2,^C(1|3)T-2x?z?$,Clausula Vera,F,CT,1.0,4.0,F2,-M2,m7,0.6440677966101694,16.0,24.0
328.0,Thomas Tallis,In Nomine I,42,1.0,C1T-2,^C(1|3)T-2x?z?$,Clausula Vera,F,tCT,1.0,4.0,F2,-M2,m7,0.6949152542372882,24.0,16.0
344.0,Thomas Tallis,In Nomine I,44,1.0,C2T-2,^C(2|4)T-2x?z?$,Clausula Vera,D,CT,0.0,4.0,D3,P5,P5,0.7288135593220338,16.0,40.0
384.0,Thomas Tallis,In Nomine I,49,1.0,C1T-2p,^C1T-2p(t1|t2)?$,Evaded Clausula Vera,F,TCp,1.0,4.0,D3,P5,m7,0.8135593220338984,40.0,16.0
400.0,Thomas Tallis,In Nomine I,51,1.0,C1T-2x,^C(1|3)T-2x?z?$,Clausula Vera,D,CTx,1.0,3.0,D3,P5,P5,0.847457627118644,16.0,16.0
416.0,Thomas Tallis,In Nomine I,53,1.0,C1t2,^C(1|3)t(1|2)x?z?$,Evaded Clausula Vera,B-,tC,1.0,3.0,B-3,m10,m3,0.8813559322033898,16.0,16.0
432.0,Thomas Tallis,In Nomine I,55,1.0,BC1,^BC(1|3)x?z?$,Authentic,G,zCB,1.0,3.0,G3,P8,P8,0.9152542372881356,16.0,16.0
448.0,Thomas Tallis,In Nomine I,57,1.0,C1T-2,^C(1|3)T-2x?z?$,Clausula Vera,G,CT,1.0,3.0,G3,P8,P8,0.9491525423728814,16.0,24.0
472.0,Thomas Tallis,In Nomine I,60,1.0,BC1,^BC(1|3)x?z?$,Authentic,G,CTB,1.0,4.0,G2,P1,P8,1.0,24.0,8.0
96.0,William Byrd,In Nomine II,13,1.0,BC1,^BC(1|3)x?z?$,Authentic,D,CzB,1.0,3.0,D3,P1,P8,0.21621621621621623,96.0,24.0
120.0,William Byrd,In Nomine II,16,1.0,C1T-2,^C(1|3)T-2x?z?$,Clausula Vera,F,CT,1.0,3.0,F3,m3,m3,0.2702702702702703,24.0,48.0
168.0,William Byrd,In Nomine II,22,1.0,C3T-2,^C(1|3)T-2x?z?$,Clausula Vera,D,CT,1.0,4.0,D3,P1,P8,0.3783783783783784,48.0,152.0
320.0,William Byrd,In Nomine II,41,1.0,BC1,^BC(1|3)x?z?$,Authentic,D,CB,1.0,4.0,D3,P1,P8,0.7207207207207207,152.0,24.0
344.0,William Byrd,In Nomine II,44,1.0,BC1,^BC(1|3)x?z?$,Authentic,G,CB,1.0,4.0,G2,-P5,P4,0.7747747747747747,24.0,40.0
384.0,William Byrd,In Nomine II,49,1.0,C1T-2,^C(1|3)T-2x?z?$,Clausula Vera,C,CT,1.0,4.0,C3,-M2,m7,0.8648648648648649,40.0,16.0
400.0,William Byrd,In Nomine II,51,1.0,C2T-1,^C(2|3|4)T-1z?$,Phrygian Clausula Vera,E,CT,1.0,3.0,C3,-M2,M2,0.9009009009009009,16.0,8.0
408.0,William Byrd,In Nomine II,52,1.0,C1T-2,^C(1|3)T-2x?z?$,Clausula Vera,D,CT,1.0,4.0,D3,P1,P8,0.918918918918919,8.0,40.0
120.0,Brewster,In Nomine I,16,1.0,BC1,^BC(1|3)x?z?$,Authentic,D,CTB,1.0,4.0,D3,P1,P8,0.26785714285714285,120.0,38.0
158.0,Brewster,In Nomine I,20,4.0,Bc5,^Bc5z?$,Evaded Authentic,,cB,-1.0,3.0,D3,P1,,0.35267857142857145,38.0,90.0
248.0,Brewster,In Nomine I,32,1.0,T-2a,^T-2az?$,Evaded Altizans Only,,aT,-1.0,4.0,B-2,-M3,,0.5535714285714286,90.0,88.0
336.0,Brewster,In Nomine I,43,1.0,BC2,^BC(2|4)x?z?$,Authentic,D,CTB,0.0,4.0,D3,P1,P8,0.75,88.0,8.0
344.0,Brewster,In Nomine I,44,1.0,T-2y,^T-2y$,Evaded Clausula Vera,,yT,-1.0,3.0,C3,-M2,,0.7678571428571429,8.0,112.0
138.0,Robert White,In Nomine III,18,2.0,C2t1,^C(2|4)t(1|2)x?z?$,Evaded Clausula Vera,D,tC,0.0,4.0,E3,M2,P8,0.3080357142857143,138.0,6.0
144.0,Robert White,In Nomine III,19,1.0,C2T-2,^C(2|4)T-2x?z?$,Clausula Vera,D,CT,0.0,4.0,D3,P1,P8,0.32142857142857145,6.0,84.0
228.0,Robert White,In Nomine III,29,3.0,T-2a,^T-2az?$,Evaded Altizans Only,,aT,-1.0,4.0,G2,-P5,,0.5089285714285714,84.0,4.0
232.0,Robert White,In Nomine III,30,1.0,C1T-2,^C(1|3)T-2x?z?$,Clausula Vera,F,CT,1.0,3.0,F2,-M6,m3,0.5178571428571429,4.0,40.0
272.0,Robert White,In Nomine III,35,1.0,C1T-2,^C(1|3)T-2x?z?$,Clausula Vera,F,CT,1.0,4.0,F3,m3,m3,0.6071428571428571,40.0,72.0
344.0,Robert White,In Nomine III,44,1.0,C2T-2,^C(2|4)T-2x?z?$,Clausula Vera,D,CT,0.0,4.0,D3,P1,P8,0.7678571428571429,72.0,40.0
384.0,Robert White,In Nomine III,49,1.0,C2T-2,^C(2|4)T-2x?z?$,Clausula Vera,D,CT,0.0,3.0,D3,P1,P8,0.8571428571428571,40.0,8.0
392.0,Robert White,In Nomine III,50,1.0,C1T-2,^C(1|3)T-2x?z?$,Clausula Vera,C,tCT,1.0,4.0,C3,-M2,m7,0.875,8.0,16.0
408.0,Robert White,In Nomine III,52,1.0,C2T-1,^C(2|3|4)T-1z?$,Phrygian Clausula Vera,A,CT,1.0,3.0,A2,-P4,P5,0.9107142857142857,16.0,48.0
48.0,John Ward,In Nomine III,7,1.0,BC1,^BC(1|3)x?z?$,Authentic,G,TCB,1.0,4.0,G2,-P5,P4,0.10909090909090909,48.0,12.0
60.0,John Ward,In Nomine III,8,3.0,C1x,^C(1|3)xz?$,Abandoned Authentic,B-,Cx,1.0,3.0,B-3,m6,m6,0.13636363636363635,12.0,124.0
184.0,John Ward,In Nomine III,24,1.0,Bc4,^Bc(-1|-2|4|5)z?$,Evaded Authentic,,cB,-1.0,4.0,D4,P8,,0.41818181818181815,124.0,60.0
244.0,John Ward,In Nomine III,31,3.0,C1T-2,^C(1|3)T-2x?z?$,Clausula Vera,F,CT,1.0,4.0,F3,m3,m3,0.5545454545454546,60.0,4.0
248.0,John Ward,In Nomine III,32,1.0,C1T-2x,^C(1|3)T-2x?z?$,Clausula Vera,D,CTx,1.0,3.0,D4,P8,P8,0.5636363636363636,4.0,72.0
320.0,John Ward,In Nomine III,41,1.0,BC1,^BC(1|3)x?z?$,Authentic,D,CtB,1.0,4.0,D3,P1,P8,0.7272727272727273,72.0,87.0
407.0,John Ward,In Nomine III,51,4.5,T-2c-2,^T-2c(-1|-2|4|5)x?z?$,Evaded Clausula Vera,,Tc,-1.0,4.0,A3,P5,,0.925,87.0,5.0
412.0,John Ward,In Nomine III,52,3.0,BC1,^BC(1|3)x?z?$,Authentic,D,TCB,1.0,4.0,D3,P1,P8,0.9363636363636364,5.0,20.0
432.0,John Ward,In Nomine III,55,1.0,C1t1,^C(1|3)t(1|2)x?z?$,Evaded Clausula Vera,G,tC,1.0,4.0,G3,P4,P4,0.9818181818181818,20.0,16.0
45.0,John Baldwin,In Nomine I,8,2.5,BC2,^BC(2|4)x?z?$,Authentic,C,CB,0.0,4.0,C3,-M2,m7,0.2102803738317757,45.0,62.5
107.5,John Baldwin,In Nomine I,18,3.75,BC2,^BC(2|4)x?z?$,Authentic,C,CB,0.0,4.0,C3,-M2,m7,0.5023364485981309,62.5,108.5
64.0,Anonymous,In Nomine,9,1.0,C2T-1,^C(2|3|4)T-1z?$,Phrygian Clausula Vera,D,CT,1.0,3.0,D3,P5,P5,0.13675213675213677,64.0,16.0
80.0,Anonymous,In Nomine,11,1.0,T-2a,^T-2az?$,Evaded Altizans Only,,aT,-1.0,4.0,C3,P4,,0.17094017094017094,16.0,24.0
104.0,Anonymous,In Nomine,14,1.0,T-2c5,^T-2c(-1|-2|4|5)x?z?$,Evaded Clausula Vera,,cT,-1.0,3.0,G3,P8,,0.2222222222222222,24.0,16.0
120.0,Anonymous,In Nomine,16,1.0,T-2a,^T-2az?$,Evaded Altizans Only,,aT,-1.0,4.0,G2,P1,,0.2564102564102564,16.0,28.0
148.0,Anonymous,In Nomine,19,3.0,T-2a,^T-2az?$,Evaded Altizans Only,,aT,-1.0,4.0,G2,P1,,0.3162393162393162,28.0,12.0
160.0,Anonymous,In Nomine,21,1.0,C2T-1,^C(2|3|4)T-1z?$,Phrygian Clausula Vera,A,CT,1.0,3.0,A3,M9,M2,0.3418803418803419,12.0,16.0
176.0,Anonymous,In Nomine,23,1.0,T-2a,^T-2az?$,Evaded Altizans Only,,aT,-1.0,4.0,C3,P4,,0.37606837606837606,16.0,8.0
184.0,Anonymous,In Nomine,24,1.0,C2T-2,^C(2|4)T-2x?z?$,Clausula Vera,G,CT,0.0,3.0,G2,P1,P8,0.39316239316239315,8.0,8.0
192.0,Anonymous,In Nomine,25,1.0,BC1,^BC(1|3)x?z?$,Authentic,B-,tCB,1.0,3.0,B-2,m3,m3,0.41025641025641024,8.0,152.0
344.0,Anonymous,In Nomine,44,1.0,C2T-2,^C(2|4)T-2x?z?$,Clausula Vera,G,CT,0.0,4.0,G2,P1,P8,0.7350427350427351,152.0,128.0
88.0,Robert Johnson,In Nomine,12,1.0,C2T-2,^C(2|4)T-2x?z?$,Clausula Vera,G,CT,0.0,4.0,G2,P1,P8,0.19298245614035087,88.0,56.0
144.0,Robert Johnson,In Nomine,19,1.0,C1T-2,^C(1|3)T-2x?z?$,Clausula Vera,B-,CT,1.0,4.0,B-2,m3,m3,0.3157894736842105,56.0,120.0
264.0,Robert Johnson,In Nomine,34,1.0,C1T-2,^C(1|3)T-2x?z?$,Clausula Vera,B-,CT,1.0,3.0,B-2,m3,m3,0.5789473684210527,120.0,56.0
320.0,Robert Johnson,In Nomine,41,1.0,C1T-2,^C(1|3)T-2x?z?$,Clausula Vera,G,CT,1.0,3.0,G2,P1,P8,0.7017543859649122,56.0,16.0
336.0,Robert Johnson,In Nomine,43,1.0,T-2c5,^T-2c(-1|-2|4|5)x?z?$,Evaded Clausula Vera,,cT,-1.0,3.0,G3,P8,,0.7368421052631579,16.0,19.0
355.0,Robert Johnson,In Nomine,45,2.5,C1t2,^C(1|3)t(1|2)x?z?$,Evaded Clausula Vera,B-,Ct,1.0,3.0,D3,P5,m3,0.7785087719298246,19.0,61.0
416.0,Robert Johnson,In Nomine,53,1.0,C1T-2,^C(1|3)T-2x?z?$,Clausula Vera,F,CT,1.0,4.0,F3,m7,m7,0.9122807017543859,61.0,48.0
24.0,Poynt,In Nomine I,4,1.0,C2T-1,^C(2|3|4)T-1z?$,Phrygian Clausula Vera,A,CT,1.0,4.0,A2,-P4,P5,0.05263157894736842,24.0,16.0
40.0,Poynt,In Nomine I,6,1.0,C2PT-1,^C(2|4)PT-1z?$,Phrygian,A,CTP,1.0,4.0,D3,P1,P5,0.08771929824561403,16.0,48.0
88.0,Poynt,In Nomine I,12,1.0,C2T-2,^C(2|4)T-2x?z?$,Clausula Vera,C,CT,0.0,4.0,E3,M2,m7,0.19298245614035087,48.0,24.0
112.0,Poynt,In Nomine I,15,1.0,BC2,^BC(2|4)x?z?$,Authentic,D,CTB,0.0,4.0,D3,P1,P8,0.24561403508771928,24.0,72.0
184.0,Poynt,In Nomine I,24,1.0,C1T-2,^C(1|3)T-2x?z?$,Clausula Vera,F,CT,1.0,4.0,F2,-M6,m3,0.40350877192982454,72.0,16.0
200.0,Poynt,In Nomine I,26,1.0,BC2,^BC(2|4)x?z?$,Authentic,D,CTB,0.0,4.0,D3,P1,P8,0.43859649122807015,16.0,24.0
224.0,Poynt,In Nomine I,29,1.0,C2T-1,^C(2|3|4)T-1z?$,Phrygian Clausula Vera,A,CT,1.0,4.0,F3,m3,P5,0.49122807017543857,24.0,56.0
280.0,Poynt,In Nomine I,36,1.0,C2T-2,^C(2|4)T-2x?z?$,Clausula Vera,D,CT,0.0,4.0,B-3,m6,P8,0.6140350877192983,56.0,56.0
336.0,Poynt,In Nomine I,43,1.0,T-2c-2,^T-2c(-1|-2|4|5)x?z?$,Evaded Clausula Vera,,Tc,-1.0,3.0,G3,P4,,0.7368421052631579,56.0,66.0
402.0,Poynt,In Nomine I,51,2.0,C2t2,^C(2|4)t(1|2)x?z?$,Evaded Clausula Vera,C,tC,0.0,4.0,D3,P1,m7,0.881578947368421,66.0,16.0
418.0,Poynt,In Nomine I,53,2.0,C2t2,^C(2|4)t(1|2)x?z?$,Evaded Clausula Vera,A,tC,0.0,4.0,B-2,-M3,P5,0.9166666666666666,16.0,6.0
424.0,Poynt,In Nomine I,54,1.0,C2T-1,^C(2|3|4)T-1z?$,Phrygian Clausula Vera,A,CT,1.0,4.0,A2,-P4,P5,0.9298245614035088,6.0,40.0
36.0,Christopher Tye,In Nomine,5,3.0,BC1,^BC(1|3)x?z?$,Authentic,G,CtB,1.0,4.0,G2,-P5,P4,0.1,36.0,68.0
104.0,Christopher Tye,In Nomine,14,1.0,BC1,^BC(1|3)x?z?$,Authentic,F,CTB,1.0,4.0,F2,-M6,m3,0.28888888888888886,68.0,24.0
128.0,Christopher Tye,In Nomine,17,1.0,C1T-2,^C(1|3)T-2x?z?$,Clausula Vera,D,CT,1.0,3.0,D3,P1,P8,0.35555555555555557,24.0,80.0
208.0,Christopher Tye,In Nomine,27,1.0,C1T-2,^C(1|3)T-2x?z?$,Clausula Vera,F,CT,1.0,4.0,F2,-M6,m3,0.5777777777777777,80.0,24.0
232.0,Christopher Tye,In Nomine,30,1.0,BC1,^BC(1|3)x?z?$,Authentic,A,CTB,1.0,4.0,A2,-P4,P5,0.6444444444444445,24.0,16.0
248.0,Christopher Tye,In Nomine,32,1.0,C1t1,^C(1|3)t(1|2)x?z?$,Evaded Clausula Vera,D,Ct,1.0,4.0,F3,m3,P8,0.6888888888888889,16.0,16.0
264.0,Christopher Tye,In Nomine,34,1.0,C1T-2,^C(1|3)T-2x?z?$,Clausula Vera,F,CtT,1.0,4.0,F3,m3,m3,0.7333333333333333,16.0,8.0
272.0,Christopher Tye,In Nomine,35,1.0,C1z,^C(1|3)z$,Abandoned Clausula Vera,D,zC,1.0,3.0,D3,P1,P8,0.7555555555555555,8.0,86.0
358.0,Christopher Tye,In Nomine,45,4.0,BC1,^BC(1|3)x?z?$,Authentic,G,CB,1.0,4.0,G2,-P5,P4,0.9944444444444445,86.0,10.0
88.0,John Taverner,In Nomine,12,1.0,C1T-2,^C(1|3)T-2x?z?$,Clausula Vera,F,CT,1.0,4.0,F2,-M2,m7,0.19642857142857142,88.0,16.0
104.0,John Taverner,In Nomine,14,1.0,BC1,^BC(1|3)x?z?$,Authentic,D,CzB,1.0,3.0,D3,P5,P5,0.23214285714285715,16.0,56.0
160.0,John Taverner,In Nomine,21,1.0,C3T-2,^C(1|3)T-2x?z?$,Clausula Vera,C,CT,1.0,4.0,C3,P4,P4,0.35714285714285715,56.0,16.0
176.0,John Taverner,In Nomine,23,1.0,C1T-2,^C(1|3)T-2x?z?$,Clausula Vera,D,CT,1.0,3.0,D3,P5,P5,0.39285714285714285,16.0,64.0
240.0,John Taverner,In Nomine,31,1.0,C1T-2,^C(1|3)T-2x?z?$,Clausula Vera,F,CT,1.0,4.0,F2,-M2,m7,0.5357142857142857,64.0,32.0
272.0,John Taverner,In Nomine,35,1.0,C1b,^C(1|3)b$,Evaded Authentic,D,Czb,1.0,3.0,B-3,m10,P5,0.6071428571428571,32.0,24.0
296.0,John Taverner,In Nomine,38,1.0,C1T-2,^C(1|3)T-2x?z?$,Clausula Vera,D,CT,1.0,3.0,D3,P5,P5,0.6607142857142857,24.0,96.0
392.0,John Taverner,In Nomine,50,1.0,C1T-2,^C(1|3)T-2x?z?$,Clausula Vera,D,CT,1.0,3.0,D3,P5,P5,0.875,96.0,16.0
408.0,John Taverner,In Nomine,52,1.0,C1b,^C(1|3)b$,Evaded Authentic,D,CTb,1.0,4.0,B-2,m3,P5,0.9107142857142857,16.0,16.0
424.0,John Taverner,In Nomine,54,1.0,C3T-2,^C(1|3)T-2x?z?$,Clausula Vera,G,CT,1.0,4.0,G2,P1,P8,0.9464285714285714,16.0,14.0
438.0,John Taverner,In Nomine,55,4.0,C2T-2,^C(2|4)T-2x?z?$,Clausula Vera,G,CT,0.0,4.0,G2,P1,P8,0.9776785714285714,14.0,18.0
28.0,John Ward,In Nomine I,4,3.0,BC1,^BC(1|3)x?z?$,Authentic,B-,CB,1.0,4.0,B-2,-M3,m6,0.06363636363636363,28.0,28.0
56.0,John Ward,In Nomine I,8,1.0,BC1,^BC(1|3)x?z?$,Authentic,F,tCB,1.0,4.0,F2,-M6,m3,0.12727272727272726,28.0,40.0
96.0,John Ward,In Nomine I,13,1.0,BC1,^BC(1|3)x?z?$,Authentic,D,tCB,1.0,4.0,D3,P1,P8,0.21818181818181817,40.0,50.0
146.0,John Ward,In Nomine I,19,2.0,Bc4,^Bc(-1|-2|4|5)z?$,Evaded Authentic,,cTB,-1.0,4.0,D3,P1,,0.33181818181818185,50.0,34.0
180.0,John Ward,In Nomine I,23,3.0,A1T-2,^A(1|3)T-2x?y?z?$,Altizans Only,C,AT,1.0,4.0,F3,m3,m7,0.4090909090909091,34.0,4.0
184.0,John Ward,In Nomine I,24,1.0,C1t1x,^C(1|3)t(1|2)x?z?$,Evaded Clausula Vera,D,tCx,1.0,3.0,D4,P8,P8,0.41818181818181815,4.0,16.0
200.0,John Ward,In Nomine I,26,1.0,BC1,^BC(1|3)x?z?$,Authentic,D,zCB,1.0,3.0,D3,P1,P8,0.45454545454545453,16.0,44.0
244.0,John Ward,In Nomine I,31,3.0,C1T-2,^C(1|3)T-2x?z?$,Clausula Vera,F,CQT,1.0,4.0,F3,m3,m3,0.5545454545454546,44.0,28.0
272.0,John Ward,In Nomine I,35,1.0,C1t1,^C(1|3)t(1|2)x?z?$,Evaded Clausula Vera,D,Ct,1.0,4.0,D3,P1,P8,0.6181818181818182,28.0,8.0
280.0,John Ward,In Nomine I,36,1.0,C1t2,^C(1|3)t(1|2)x?z?$,Evaded Clausula Vera,C,Ct,1.0,4.0,E3,M2,m7,0.6363636363636364,8.0,16.0
296.0,John Ward,In Nomine I,38,1.0,BC1,^BC(1|3)x?z?$,Authentic,C,CB,1.0,4.0,C3,-M2,m7,0.6727272727272727,16.0,16.0
312.0,John Ward,In Nomine I,40,1.0,BC1,^BC(1|3)x?z?$,Authentic,C,CtB,1.0,4.0,C3,-M2,m7,0.7090909090909091,16.0,8.0
320.0,John Ward,In Nomine I,41,1.0,C1T-2,^C(1|3)T-2x?z?$,Clausula Vera,D,CT,1.0,4.0,F3,m3,P8,0.7272727272727273,8.0,4.0
324.0,John Ward,In Nomine I,41,3.0,BC1,^BC(1|3)x?z?$,Authentic,D,zCB,1.0,3.0,D3,P1,P8,0.7363636363636363,4.0,6.0
330.0,John Ward,In Nomine I,42,2.0,C1z,^C(1|3)z$,Abandoned Clausula Vera,B-,zC,1.0,3.0,B-2,-M3,m6,0.75,6.0,11.0
341.0,John Ward,In Nomine I,43,3.5,C1T-2,^C(1|3)T-2x?z?$,Clausula Vera,D,TC,1.0,4.0,D3,P1,P8,0.775,11.0,3.0
344.0,John Ward,In Nomine I,44,1.0,C1T-2,^C(1|3)T-2x?z?$,Clausula Vera,D,CT,1.0,4.0,F3,m3,P8,0.7818181818181819,3.0,12.0
356.0,John Ward,In Nomine I,45,3.0,C1T-2,^C(1|3)T-2x?z?$,Clausula Vera,D,CQT,1.0,4.0,D3,P1,P8,0.8090909090909091,12.0,6.0
362.0,John Ward,In Nomine I,46,2.0,T-2y,^T-2y$,Evaded Clausula Vera,,yT,-1.0,3.0,D3,P1,,0.8227272727272728,6.0,6.0
368.0,John Ward,In Nomine I,47,1.0,C1z,^C(1|3)z$,Abandoned Clausula Vera,B-,zC,1.0,3.0,B-2,-M3,m6,0.8363636363636363,6.0,12.0
380.0,John Ward,In Nomine I,48,3.0,C1z,^C(1|3)z$,Abandoned Clausula Vera,B-,zC,1.0,3.0,D3,P1,m6,0.8636363636363636,12.0,6.0
386.0,John Ward,In Nomine I,49,2.0,BC1,^BC(1|3)x?z?$,Authentic,B-,CB,1.0,4.0,B-2,-M3,m6,0.8772727272727273,6.0,8.0
394.0,John Ward,In Nomine I,50,2.0,C1t2,^C(1|3)t(1|2)x?z?$,Evaded Clausula Vera,C,tC,1.0,4.0,E3,M2,m7,0.8954545454545455,8.0,6.0
400.0,John Ward,In Nomine I,51,1.0,BC1,^BC(1|3)x?z?$,Authentic,B-,tCB,1.0,4.0,B-2,-M3,m6,0.9090909090909091,6.0,12.0
412.0,John Ward,In Nomine I,52,3.0,C1T-2z,^C(1|3)T-2x?z?$,Clausula Vera,D,CTz,1.0,3.0,D3,P1,P8,0.9363636363636364,12.0,3.0
415.0,John Ward,In Nomine I,52,4.5,BC1,^BC(1|3)x?z?$,Authentic,G,CB,1.0,4.0,G3,P4,P4,0.9431818181818182,3.0,33.0
28.0,Robert White,In Nomine IV,4,3.0,C1t1,^C(1|3)t(1|2)x?z?$,Evaded Clausula Vera,C,tC,1.0,3.0,C3,-P5,P4,0.0625,28.0,52.0
80.0,Robert White,In Nomine IV,11,1.0,BC1,^BC(1|3)x?z?$,Authentic,B-,CB,1.0,4.0,B-2,-M6,m3,0.17857142857142858,52.0,64.0
144.0,Robert White,In Nomine IV,19,1.0,C1T-2,^C(1|3)T-2x?z?$,Clausula Vera,G,CT,1.0,4.0,G2,-P8,P8,0.32142857142857145,64.0,24.0
168.0,Robert White,In Nomine IV,22,1.0,BC1,^BC(1|3)x?z?$,Authentic,B-,CB,1.0,4.0,B-2,-M6,m3,0.375,24.0,32.0
200.0,Robert White,In Nomine IV,26,1.0,C1t2x,^C(1|3)t(1|2)x?z?$,Evaded Clausula Vera,E-,tCx,1.0,3.0,E-4,m6,m6,0.44642857142857145,32.0,28.0
228.0,Robert White,In Nomine IV,29,3.0,T-2a,^T-2az?$,Evaded Altizans Only,,aT,-1.0,4.0,C3,-P5,,0.5089285714285714,28.0,4.0
232.0,Robert White,In Nomine IV,30,1.0,C1T-2,^C(1|3)T-2x?z?$,Clausula Vera,B-,CT,1.0,4.0,B-2,-M6,m3,0.5178571428571429,4.0,40.0
272.0,Robert White,In Nomine IV,35,1.0,C1T-2,^C(1|3)T-2x?z?$,Clausula Vera,G,CT,1.0,3.0,G2,-P8,P8,0.6071428571428571,40.0,32.0
304.0,Robert White,In Nomine IV,39,1.0,C1T-2,^C(1|3)T-2x?z?$,Clausula Vera,G,TC,1.0,3.0,G2,-P8,P8,0.6785714285714286,32.0,16.0
320.0,Robert White,In Nomine IV,41,1.0,BC1,^BC(1|3)x?z?$,Authentic,C,CB,1.0,3.0,C3,-P5,P4,0.7142857142857143,16.0,16.0
336.0,Robert White,In Nomine IV,43,1.0,BC1,^BC(1|3)x?z?$,Authentic,C,TCB,1.0,4.0,C3,-P5,P4,0.75,16.0,16.0
352.0,Robert White,In Nomine IV,45,1.0,BC1,^BC(1|3)x?z?$,Authentic,B-,CB,1.0,2.0,B-2,-M6,m3,0.7857142857142857,16.0,40.0
392.0,Robert White,In Nomine IV,50,1.0,C1T-2,^C(1|3)T-2x?z?$,Clausula Vera,F,CT,1.0,4.0,F3,-M2,m7,0.875,40.0,64.0
96.0,William Whytbroke,In Nomine,13,1.0,C2T-1,^C(2|3|4)T-1z?$,Phrygian Clausula Vera,D,CT,1.0,4.0,D3,P5,P5,0.21621621621621623,96.0,8.0
104.0,William Whytbroke,In Nomine,14,1.0,T-2c-2,^T-2c(-1|-2|4|5)x?z?$,Evaded Clausula Vera,,Tc,-1.0,3.0,D3,P5,,0.23423423423423423,8.0,38.0
142.0,William Whytbroke,In Nomine,18,4.0,T-1c-2,T-1c-2,,,Tc,,4.0,D3,P5,,0.31981981981981983,38.0,2.0
144.0,William Whytbroke,In Nomine,19,1.0,C3T-2,^C(1|3)T-2x?z?$,Clausula Vera,C,CT,1.0,4.0,C3,P4,P4,0.32432432432432434,2.0,96.0
240.0,William Whytbroke,In Nomine,31,1.0,C2T-1,^C(2|3|4)T-1z?$,Phrygian Clausula Vera,D,CT,1.0,4.0,D3,P5,P5,0.5405405405405406,96.0,98.0
338.0,William Whytbroke,In Nomine,43,2.0,T-2c-1,^T-2c(-1|-2|4|5)x?z?$,Evaded Clausula Vera,,Tc,-1.0,4.0,D3,P5,,0.7612612612612613,98.0,80.0
418.0,William Whytbroke,In Nomine,53,2.0,C1T-2,^C(1|3)T-2x?z?$,Clausula Vera,B-,TC,1.0,4.0,F2,-M2,m3,0.9414414414414415,80.0,6.0
424.0,William Whytbroke,In Nomine,54,1.0,C1b,^C(1|3)b$,Evaded Authentic,B-,Cb,1.0,3.0,G2,P1,m3,0.954954954954955,6.0,16.0
440.0,William Whytbroke,In Nomine,56,1.0,C2T-2,^C(2|4)T-2x?z?$,Clausula Vera,G,CT,0.0,4.0,G2,P1,P8,0.990990990990991,16.0,8.0
